arm,valid,excluded_reason,n,build,swapMax,agentsAlive,turns_per_agent_min,lat_p50,lat_p95,lat_p99,lat_max,period_p95,cg_peak_mb,cg_swap_max_mb,swap_out_pages,swap_in_pages,psi_mem_some_max,psi_mem_full_max,psi_mem_full_stall_s,psi_cpu_some_max,load1_max,nonbench_mem_mb_max,ev_high,ev_max,ev_oom_kill,ssh_fails,ssh_ms_p95,ssh_ms_max
arm0-build-cold,yes,"",0,1,infinity,0,0,0,0,0,0,0,3028,0,0,0,0,0,0,2.73,1.51,0,0,0,0,0,57,138
arm0-build-coldcache,yes,"",0,1,infinity,0,0,0,0,0,0,0,2992,0,0,0,0,0,0,5.39,2.96,595,0,0,0,0,97,293
arm0-build-cold-fast,no,"final cgroup snapshot empty - scope torn down before run-arm.sh sampled it",0,1,infinity,-1,0,0,0,0,0,0,-1,0,0,0,0,0,0,5.04,2.65,730,0,0,0,0,82,123
base-b0-n21,yes,"",21,0,infinity,21,18.44,226,292,368,644,4321,6106,0,0,0,0,0,0,5.3,3.55,722,0,0,0,0,92,148
base-b0-n22,yes,"",22,0,infinity,22,18.36,229,300,406,786,4328,6394,0,0,0,0,0,0,7.49,2.52,842,0,0,0,0,94,208
base-b0-n23,yes,"",23,0,infinity,23,18.34,226,330,456,765,4323,6682,0,0,0,0,0,0,13.2,3.29,823,0,0,0,0,105,492
base-b0-n24,no,"unconstrained N=24 drove the HOST into global memory pressure; earlyoom killed the orchestrator mid-arm",24,0,infinity,-1,18.41,232,313,397,725,4335,-1,0,0,0,0,0,0,4.49,1.62,825,0,0,0,0,31,53
base-b1-n14,yes,"",14,1,infinity,14,18.5,223,289,365,609,4331,7080,0,0,0,0,0,0,13.43,3.76,680,0,0,0,0,87,209
base-b1-n16,yes,"",16,1,infinity,16,18.57,216,282,335,469,4310,7450,0,6183,23,0.36,0.18,0,11.59,3.51,709,0,0,0,0,92,119
base-b1-n18,yes,"",18,1,infinity,18,18.31,232,346,489,1107,4348,7510,0,11629,58,0.6,0.18,0,19.58,3.9,765,0,0,0,0,128,328
base-b1-n20,yes,"",20,1,infinity,20,18.46,214,291,363,635,4321,7560,15,18547,1176,1.17,0.74,0,17.25,4.08,715,0,0,0,0,120,362
ref-b0-n21-r1,yes,"",21,0,infinity,21,18.29,223,429,933,1962,4343,5880,1048,539456,492575,13.21,10.92,11,11.76,2.39,1228,2576,0,0,0,80,261
ref-b0-n22-r1,yes,"",22,0,infinity,22,17.81,245,827,1351,2286,4431,5880,1136,1649969,1530231,15.1,12.07,23,10.72,3.66,641,7565,0,0,0,82,160
ref-b0-n23-r1,yes,"",23,0,infinity,23,17.14,278,1337,2106,5140,4685,5880,1135,2643110,2449992,26.4,19.27,35,14.53,4.04,769,11767,0,0,0,110,357
ref-b0-n24-r1,yes,"",24,0,infinity,24,16.28,341,1855,3062,5354,5189,5880,1242,3576277,3307388,30.54,21.94,48,21.92,6.02,695,16570,0,0,0,134,397
ref-b1-n14-r1,yes,"",14,1,infinity,14,18.53,221,283,325,425,4330,5880,0,0,0,1.82,1.82,1,9.03,3.57,677,2348,0,0,0,121,193
ref-b1-n14-r2,yes,"",14,1,infinity,14,18.46,225,283,349,494,4325,5880,0,0,0,1.64,1.64,1,17.73,3.23,713,2538,0,0,0,111,195
ref-b1-n16-r1,yes,"",16,1,infinity,16,18.2,239,461,993,2676,4365,5880,1170,287775,238476,22.93,17.63,8,19.93,3.77,782,3954,0,0,0,119,194
ref-b1-n16-r2,yes,"",16,1,infinity,16,18.38,231,369,664,1896,4339,5880,1355,319789,222380,14.3,11.06,7,14.55,3.65,735,4110,0,0,0,97,149
ref-b1-n18-r1,yes,"",18,1,infinity,18,17.96,232,704,1694,3791,4400,5882,1798,838171,736885,28.82,19.43,13,18.79,5.36,899,6126,0,0,0,157,342
ref-b1-n18-r2,yes,"",18,1,infinity,18,18.17,225,576,1212,1978,4390,5883,1640,664177,591160,14.76,12.08,13,15.57,4.27,949,5682,0,0,0,145,537
ref-b1-n20-r1,yes,"",20,1,infinity,20,17.64,251,945,1706,3603,4477,5884,1838,1402370,1294145,29.87,22.18,18,22.24,5.07,703,8065,0,0,0,118,173
ref-b1-n20-r2,yes,"",20,1,infinity,20,17.61,243,1024,1900,4210,4523,5883,1743,1849489,1561829,42.5,28.5,22,23.62,6.55,760,11321,0,0,0,95,246
sens-cpu100-n18,yes,"",18,1,infinity,-1,18.87,133,271,724,1659,4264,5883,624,152031,136394,11.63,8.84,3,12.16,2.5,653,6089,0,0,0,91,131
sens-cpu200-n18,yes,"",18,1,infinity,18,17.86,250,650,1591,4695,4418,5882,1782,769810,571798,28.41,19.39,12,21.45,7.28,676,5431,0,0,0,2026,2391
sens-touch0.01-n18,yes,"",18,1,infinity,18,18.42,207,315,433,771,4324,5882,1282,389307,173634,13.04,9.41,7,27.45,4.98,963,4212,0,0,0,1721,4251
sens-touch0.05-n18,yes,"",18,1,infinity,18,18.14,223,509,812,1900,4379,5881,1852,706917,556840,19.84,16.76,12,23.56,3.65,899,5696,0,0,0,2009,2615
sens-touch0.15-n18,yes,"",18,1,infinity,18,17.84,247,705,1659,3473,4418,5882,1687,823409,665258,29.29,21.56,13,22.91,5.01,1026,6737,0,0,0,1845,2733
swap-2g-n20,yes,"",20,1,infinity,20,17.52,258,1163,2289,3628,4576,5884,1666,1305181,1276551,29.51,21.19,17,23.22,5.46,881,7749,0,0,0,1922,2928
swap-2g-n24,yes,"",24,1,infinity,24,6.59,602,30679,72580,120535,29321,6059,2048,2358997,1839965,98.15,92.97,204,54.96,27.11,753,150796,0,0,0,1885,2315
swap-8g-n20,yes,"",20,1,infinity,20,17.58,263,916,1823,4286,4491,5884,3945,1181695,1140385,24.69,17.79,14,21.97,4.84,993,7304,0,0,0,1834,2283
swap-8g-n24,yes,"",24,1,infinity,24,14.4,587,3436,5561,9853,6703,5883,4235,4425093,4027239,52.88,33.72,65,38.21,17.92,1041,22313,0,0,0,1875,2313
swap-off-n20,yes,"",20,1,0,20,15,239,589,1178,13827,7410,6146,0,0,0,98.31,88.24,205,94.63,18.22,601,302634,0,0,0,1776,2283
swap-off-n24,yes,"",24,1,0,24,12.99,241,708,1268,2330,7782,6373,0,0,0,98.84,92.22,234,96.52,22.87,653,254985,0,0,0,2158,5029
sweep-a-n12,yes,"",12,0,infinity,12,18.62,217,259,278,320,0,3474,0,0,0,0,0,0,1.28,1.29,0,0,0,0,0,61,160
sweep-a-n16,yes,"",16,0,infinity,16,18.56,211,267,314,584,0,4631,0,0,0,0,0,0,2.75,1.82,0,0,0,0,0,117,453
sweep-a-n20,yes,"",20,0,infinity,20,18.51,213,276,335,507,0,5785,0,0,0,0,0,0,5.3,2.05,0,0,0,0,0,95,167
sweep-a-n24,yes,"",24,0,infinity,24,17.13,283,1377,2048,3153,0,5951,1128,0,0,31.08,22.29,37,18.28,4.86,0,14787,0,0,0,90,145
sweep-a-n4,yes,"",4,0,infinity,4,18.81,202,243,255,298,0,1159,0,0,0,0,0,0,0.18,0.56,0,0,0,0,0,63,129
sweep-a-n8,yes,"",8,0,infinity,8,18.66,222,257,274,327,0,2317,0,0,0,0,0,0,0.54,1.04,0,0,0,0,0,68,89
sweep-b-n12,yes,"",12,1,infinity,12,18.54,228,268,304,394,0,5951,0,0,0,0.96,0.96,0,7.52,2.38,0,472,0,0,0,71,159
sweep-b-n16,yes,"",16,1,infinity,16,18.44,232,307,436,1404,0,5951,537,0,0,8.95,8.4,3,11.23,4.42,0,2817,0,0,0,69,276
sweep-b-n20,yes,"",20,1,infinity,20,17.71,249,949,1853,3290,0,5958,1675,0,0,31.89,20.39,18,22.35,4.7,0,9958,0,0,0,65,105
sweep-b-n24,yes,"",24,1,infinity,24,6.37,1179,30292,54607,157282,0,6046,2048,0,0,95.64,85.1,223,44.22,21.73,0,87531,0,0,0,130,176
sweep-b-n4,yes,"",4,1,infinity,4,18.69,226,273,308,317,0,4181,0,0,0,0,0,0,4.68,2.31,0,0,0,0,0,75,124
sweep-b-n8,yes,"",8,1,infinity,8,18.61,225,274,303,418,0,5307,0,0,0,0,0,0,7.79,2.48,0,0,0,0,0,68,142
